発信日,内容,リンク,,発信媒体,,,,,,,,
2023/09/07 12:57,"ぽんぬのつぶやき
【ツイートのリアル分析方法と本当は教えたくないデータ収集ツール】

◇ツイート分析方法とデータ収集ツール
・ツイート分析",https://youtu.be/CoCi8bVWpZo,https://youtu.be/CoCi8bVWpZo,・ついすぽの使い方,,,,,,,,
2023/09/11 13:49,"ぽんぬのつぶやき
【【完全版】図解連続投稿ロードマップ】",https://youtu.be/KQiziIdbmjQ,https://youtu.be/KQiziIdbmjQ,マインドマップ,,,,,,,,
2023/09/16 12:45,"ぽんぬのつぶやき
【データのお渡しってどうなの？】",https://youtu.be/W-ljPwOSWV4,https://youtu.be/W-ljPwOSWV4,,,,,,,,,
2023/09/17 14:00,"ぽんぬのつぶやき
【素材まとめページについて】",https://youtu.be/pOt21fhWRCg,https://youtu.be/pOt21fhWRCg,,,,,,,,,
2023/09/24 13:29,"ぽんぬのつぶやき
【依頼が来るシンプルなコツ】",https://youtu.be/G-bmgYj5X6o,https://youtu.be/G-bmgYj5X6o,,,,,,,,,
2023/09/29 8:40,"ぽんぬのつぶやき
【Twitterバン祭り(挙動が変な時)の考え方】",https://youtube.com/watch?v=ECq15LLgMwA&si=jK8na5DzmP_WIKJE,https://youtube.com/watch?v=ECq15LLgMwA&si=jK8na5DzmP_WIKJE,,,,,,,,,
2023/09/29 12:42,"ぽんぬのつぶやき
【Twitterバン祭り(挙動が変な時)の考え方】",https://youtu.be/vHzMGJgjOL8,https://youtu.be/vHzMGJgjOL8,,,,,,,,,
2023/09/30 16:02,"ぽんぬのつぶやき
【シャドウBAN・サーチBANの時の対処法【テンプレートあり】】",https://youtu.be/Jgd585T6Yv4,https://youtu.be/Jgd585T6Yv4,解説データ＆申請用テンプレ,,,,,,,,
2023/10/10 22:09,"ぽんぬのつぶやき
【リストの質とは？】",https://youtu.be/aNYkwdKqi2w,https://youtu.be/aNYkwdKqi2w,,,,,,,,,
2023/10/15 16:32,"ぽんぬのつぶやき
【『なぜのびているのか？』の本質の見つけ方】

クライアントの投稿作成をするときに
必ずやって欲しい考え方を解説しました！",https://youtu.be/zDoNNdyTYNs,https://youtu.be/zDoNNdyTYNs,,,,,,,,,
2023/10/18 15:26,"ぽんぬのつぶやき
【おかねとじかん　クライアントワークとk外注化】

私の考え方になりますが、稼いでいくために必要な考えだとおもうので動画をとりました！",https://youtu.be/mS99kdtpHNA,https://youtu.be/mS99kdtpHNA,,,,,,,,,
2023/10/20 16:43,"ぽんぬのつぶやき
【フリーランスの保険や社保など、リスクと対策】",https://youtu.be/gWsznzVoOEI,https://youtu.be/gWsznzVoOEI,,,,,,,,,
2023/10/30 13:52,"ぽんぬのつぶやき
【発信の『軸』でしっておいてほしいこと】

""私のアカウントでは〇〇を発信しています。
フォローすることによって〇〇を提供することが出来ます。
他のアカウントと違うところは〇〇です。""",https://youtu.be/uCpQnSyP3DM,https://youtu.be/uCpQnSyP3DM,,,,,,,,,
2023/12/14 11:27,"ぽんぬのつぶやき
【フォロワー3桁台の人がXで優位に活躍する方法】",https://youtu.be/5HZJqGK97vI,https://youtu.be/5HZJqGK97vI,,,,,,,,,
2023/12/25 16:51,"ぽんぬのつぶやき
【X図解料金設定完全版】
今日のすいさんの共有してくれたデータをもとに、私の方でも解説を入れました。",https://youtu.be/P4Li7ddz4P8,https://youtu.be/P4Li7ddz4P8,,,,,,,,,
2023/12/30 15:17,ちょっと1日早いですが、皆様、ことしは関わってくれて、講座にはいってくれてありがとうございました！今日のぽんぬのつぶやきです。,https://youtu.be/vp7eztOtRSA,https://youtu.be/vp7eztOtRSA,,,,,,,,,
2024/01/05 7:56,"あけましておめでとうございます！
新年1発目のぽんぬの呟きは

「成長思考の作り方」

ぜひ、読んでみてください",https://note.com/preview/n7037d3cfbb84?prev_access_key=b747d746d5661efaf0286f16ed8c4574,https://note.com/preview/n7037d3cfbb84?prev_access_key=b747d746d5661efaf0286f16ed8c4574,,,,,,,,,
2024/01/17 14:27,"今日のぽんぬのつぶやきは
図解のバリュー（価値の出し方）【既存クライアント向け】
です。

質問がきたのでそれに対するアンサーとなっています。
必ずみんなぶち当たる壁（わたしもぶち当たってきた）なので、チェックしてください！

※会員サイトにもアップしています
❶",https://youtu.be/-uSOS2XPNJk,https://youtu.be/-uSOS2XPNJk,❷,,,,,,,,
2024/01/20 9:52,"今日のぽんぬのつぶやきは
図解のバリュー（価値の出し方）【新規獲得編】
です。

お問い合わせがきたときや、ライバルと比較検討されてる時に自分を選んでもらうための方法です。かならずみなさんやってください！

※会員サイトにもアップしています。テンプレなどは会員サイト参照！",https://utage-system.com/members/3HUbzBtt1Ijc/course/JCJpDbZNUjMc/lesson/k8G1fqmIsY7c,https://utage-system.com/members/3HUbzBtt1Ijc/course/JCJpDbZNUjMc/lesson/k8G1fqmIsY7c,,,,,,,,,
2024/01/22 10:25,"今日のぽんぬのつぶやき
「人が成長するのは〇〇〇た時」

新しく入会されたかたもいますので、根本的な話ですが、大事なことになります。
ぜひ聞いてください！",https://youtu.be/CQzGSFxyDq4,https://youtu.be/CQzGSFxyDq4,,,,,,,,,
2024/01/23 5:38,"クライアントワークの中でフィードバックをもらいながら成長していこうと思っていましたが
なかなか案件獲得に繋がらない状況なので添削依頼でフィードバックをお願いさせてもらおうと思いました",https://youtu.be/CQzGSFxyDq4,,,,,,,,,,
2024/02/01 10:29,"今日のぽんぬのつぶやきは『挑戦する時に考えること』です。
今日から2月スタートです！！
気持ちも新たに、全員で前に進んでいきましょ",https://youtu.be/pSfSkuDIY6k,https://youtu.be/pSfSkuDIY6k,,,,,,,,,
2024/02/08 10:56,"【ぽんぬが使ってる長文テンプレート】

【タイトル】
激的に伸びる長文ポストの作成方法

【なぜこれを解説するのか】
長文ポストが伸びやすいから

【この投稿を読んで得られること】
伸びる長文ポストの書き方
インプレッションの増加

【箇条書きで内容説明】
・伸びるタイトルの作り方
・伸びる長文ポストの方
・実際の作り方


【まとめ】
長文ポストはマジで伸びる

【メッセージ】
長文を作るのには労力がいるからこそ、やり続けるだけで上位1%になることができる

【CTA】
さらにもっと運用を上手くなりたい人はLINEへ

これ作ってからかき始めるとやりやすくなると思う",https://discord.com/assets/6550bf7986e6b411.svg,4,,,,,,,,,
2024/02/08 11:24,【白色確定申告のほうほう】,https://www.youtube.com/watch?v=lBCXc-2MQcY,,,,,,,,,,
2024/02/27 23:18,長文作成時の構成,https://philipptarohiltl.com/copywriting-pastorformula/,,,,,,,,,,
2024/03/14 22:14,"【投稿する図解の色は統一すべき？】
ちょうどハリーさんが良い質問をしてくださったので、ぽんぬの呟きで回答しました！
図解の継続依頼がある場合、結構な確率で言われることでもあるので、必聴です",https://youtu.be/8Fh9h1lK1pI,,,,,,,,,,
2024/04/02 17:10,【SNSつかってビジネスするなら考えるべき発信】,https://youtu.be/yxqOmmasEX4,,,,,,,,,,
2024/05/25 10:29,"【エネルギーとGIVE&TAKEが起きた話】
めちゃくちゃ伝えたくなったので動画を撮りました",https://youtu.be/yaNc-_pNbo8?si=Ryjyz3X0qQ7SZlb4,,,,,,,,,,
2024/06/05 10:58,【図解デザイナーの月収のアッパーに挑戦した話とその後】,https://www.loom.com/share/0f4fa207699b4eaab3fbd14c1f7c0a62?sid=ad653857-16f9-4f27-8933-2d96f3e86a49,,,,,,,,,,
2024/06/05 11:18,"ん〜

なんというか、コンセプトメイクに関しては自転車の乗り方とか逆上がりのやり方を教えるのとかなり近くて

多分おびさんもそこまでコンセプトうまくはない、正直な話
同席する機会なんどかあったけどレベル感はそこまでかわらないなぁという印象で
人脈形成でうまく行ってるパターンなので

私自信が
１：逆上がりの方法を口頭で習い
２：実践を何度かやってみて
３：もうちょっとでぐるん！と回れそうな時も何回かあったけど、まだ一度も成功していないという段階なんだよね。

なので、教えられるのは１のみだね",,,,,,,,,,,
2024/06/05 17:16,"【いわせてくれ・・・】

40代女性で副業サポートやママコミュ運営系の人たち
なんでみんな打ち合わしましょうか？ってなるとこのツールから予約してくれますか？ってなるの・・・・

じわじわストレス溜まる・・・これは本当に悪手ですわ・・・

そんなとこ行ってセミナーしたくないよう・・・",,,,,,,,,,,
2024/07/08 19:36,"あらためて！ぽんぬの呟き取りました！
「気分が落ちた時の解消方法」",https://www.loom.com/share/683249d9378148a184587c3dcb08e081?sid=934110b0-e1f2-4c73-a8fe-6befae49bcbf,,,,,,,,,,
2024/07/10 5:51,"【ぽんぬのつぶやき】
質問に答えました！
・案件獲得のための動き方
・お問い合わせDMってどんなのがくるの？
・コミュニティ入った方がいいの？",https://www.loom.com/share/38776ab97d2a4cbc9d7cd3a7051928a8?sid=f014ebbb-4cbb-42f0-8853-0e6e6f25eddb,,,,,,,,,,
2024/07/16 14:09,"【案件獲得の取れる速さと、重要度】

私が思う「案件獲得」と取るべき行動についての考え方を表にして解説しました

ゆうさん、みよさん、あいさんからの質問回答の意味もあります！",https://www.loom.com/share/1899f83a46a04ede9e472eef30043b32?sid=27a45b96-41b1-4f73-9193-eb4ec6746bf2,,,,,,,,,,
2024/07/17 0:24,"どんなにすごい人でもどんなに稼げている人でも

直感で

「あ、この人キモい、関わらない方がいい」

って感じた人は関わらないようにしてます。

SNSは割とそこがミソだと思ってます。

SNSで目立つ人は
「何かが普通ではなく異常だから目立つ」ので

そこの異常値が、自分にとって許容できるかできないかの判断軸は持っておくべき。


だから今関わってる人は
純粋に信じて尊敬して関わりたいと思える人ばかりなんだと思ってます。


あとはど偏見だけど20代で稼げてしまったグイグイしてる男の子は基本的にミュートします

みてて胸焼けしそうになるモワモワしたキモさがある...これは言語化できん",,,,,,,,,,,
2024/07/17 16:26,"【勢いがある人と普通の人の意外な差】

最初に一気に頑張った方がいい理由を解説してみました。

スマホ横にしてとったら見づらい、、、すみません",https://www.loom.com/share/299dd92bcf544e2b8fddfc74d301d9fe,,,,,,,,,,
2024/07/19 5:44,"【いまのうちに・・・・業界の話】

フリーランス業界、今後こうなるよねって話をしました",https://www.loom.com/share/bc04c347c30e4dbdb5e914e90e82090c?sid=9c2850b3-0c52-49b2-9249-4ba1fb4ee857,,,,,,,,,,
2024/07/22 11:33,"【Xアカウントの軸が決まる、穴埋めシートつくりました】

アカウント設計テンプレ",https://www.canva.com/design/DAGLoD3Ao4M/B4WwnO3-rddU-LeJlaiG7g/view?utm_content=DAGLoD3Ao4M&utm_campaign=designshare&utm_medium=link&utm_source=publishsharelink&mode=preview,2,,,,,,,,,
2024/07/24 11:43,"【なんで日報を導入しているのか】

出してる人ほど得しているという話",https://www.loom.com/share/b1c9cf80b3364888a750bcd3ae9fc82d?sid=81ece306-a530-4c08-ac78-8d49d0b0b4fe,,,,,,,,,,
2024/07/26 15:14,"【AIつかってから大嫌いすぎる台本作成とかもできるようになってきたという話】

今日はAIネタです。
最近業務でガッツリ使っているので、大まかにですがまとめました。",https://www.loom.com/share/79fb7ca05e9044fb9f5a35956f303c6e?sid=afed09f5-16fc-491b-a69a-b7656d94e6b3,7,,,,,,,,,
2024/07/29 6:35,【スライド制作する時に理解しておきたいこと】,https://www.loom.com/share/792fa75a8a434923a8ee5ea815b3efea?sid=4d345687-0dec-40fa-89cf-ffd860e80340,4,,,,,,,,,
2024/07/30 9:35,"通常は絶対に紹介とかやらないですが・・・・
本当にみなさんにも推したいので、紹介させてください。

びじねす幼稚園値上げするっぽいので、こちらで紹介します。",https://x.com/k_y_029/status/1818077983963545725,,,,,,,,,,
2024/07/31 6:55,【自己投資脳,https://drive.google.com/file/d/1RMGg9SpaOMVOdzenrT11ajMpY0rN-Sj2/view?usp=drivesdk,,,,,,,,,,
2024/08/02 4:38,"【月収200,000円を超える人と超えない人の差】
 前半と後半の二本立てです。後半は次回です。お楽しみに！",https://www.loom.com/share/e44beee5f9b246dfbc5aac9fa6763cee?sid=f0df64a2-4ad5-49e2-910e-a7361ef2ff9c,8,,,,,,,,,
2024/08/05 13:04,"【紹介される人、リピートされる人の特徴】
前回の続編になります！",https://www.loom.com/share/af9f44bb769d4f9186dc6fc04c8923ba,,,,,,,,,,
2024/08/05 19:15,【重要連絡】,,10,,,,,,,,,
2024/08/08 4:58,"【スライド作りで使える文章の構造の考え方】
昨日配信できなかったので今日流しました〜！つみきさんの質問？悩み？のアンサーです！",https://www.loom.com/share/4d3057b59b7d48b5976e4666a21b416f?sid=5fabfac0-558f-4c10-8ecb-1649b3681097,,,,,,,,,,
2024/08/09 21:10,"【基準値が上がる人、上がらない人】

新しいこと勉強したり、挑戦するときに基準値が上がる人と、そうでない人がいる理由を解説しました",https://www.loom.com/share/06e7c25410eb45808e1f8d05c33a70dd,,,,,,,,,,
2024/08/11 10:22,"感情で動くのが人間なのでモチベの波も、フィードバックが怖いというのも、思うように動けない、も本当に気持ちはよくわかるし、言いたいこともわかるんです。、、、、


が、


仕事でそれを出すのは本当にだめ。

そんなひとに
仕事頼みたくないのです。

だって、大切な事業なんです。
血反吐はいて命削ってやってるビジネスがあるんです。

モチベ云々いってて
それが相手に伝わるというのは
「お仕事、この人としたくない」と間接に言われてるように感じる。


相手を思うなら、
本当に仕事にしたいなら

その思いはなんとしてでも相手に伝わらないように振る舞ってください。

他で発散してください。

Xでの発信も、リアルな感情としてこういう内容を呟くのはアウトです。


わたしなら
そんな人と仕事はしたくない。

自分が気を使ってしまって
自分を潰すことになるから。、",,,,,,,,,,,
2024/08/12 10:38,"自分も含めてこれは本当に思うんだけど
いや、自分以上に思ったから、伝えたいんですけど

「自己投資」は良いことなんだけど
金を払うのが自己投資なんじゃなくて
お金と自分の時間と労力を使うことが自己投資です。

金だけ払ってんのはただの浪費です

やめましょう、破滅したいひとと前澤さんみたいに金が余ってしゃーない人だけやりましょう

ただの浪費じゃない！！
良いと言われたから買うんだ！！！

そうおもったら

今そこに確実に自分が投下できる時間と労力を捻出できるか？
3ヶ月はできるか？
無理矢理にでもリソースをこじ開けられるか？

できないなら、今あなたはそれを買うべきじゃない。

ん？とおもったら一言聞いてください。",,,,,,,,,,,
2024/08/19 13:02,"【心が折れそうな時の乗り越え方】


しんどい、心が折れそう、と思うことがある人に聞いて欲しい

今日のぽんぬのつぶやきは音声ですので、ラジオ感覚でどうぞ！",https://www.loom.com/share/3de65826327f4ea18b49cd076cef9f3c,,,,,,,,,,
2024/08/21 9:10,"【お客様にも自分にとってもちょうどいい提案ってなに？】

雑談部屋で盛り上がったテーマから、延長。

すいさんからの質問にもお答えする音声になってます！
@0405suuui",https://www.loom.com/share/53d5feb833ef4753b67cb20251d8edf5,,,,,,,,,,
2024/08/23 6:36,"【クライアントワーク力が低い人高い人】

りくやさんのポストがめちゃ良かったので私の解釈ですが解説してみました

【該当ポストはこちら",https://x.com/rikuya_movier/status/1821730826973016285?s=46&t=DIlpsZfZQJqamGKAPFDzSw,,,,,,,,,,
2024/08/25 21:32,"30日連続投稿や
自分の頑張りがなかなか反映されない...と思ったら

成果がでているなぁ、と感じる人の基準値を自分にも当てはめて見てください。

ポストが伸びないなぁ、なぜこの人はこんなに、伸びる？
→その人は1日80ポストしてるかもしれません(実際にいます)

図解が伸びないなぁ、なぜこの人はこんなに伸びる？
→その人は半年間、欠かさず分析と図解連続投稿をしているかもしれません。(こちらも実際にいます)


全ての答えはおもてをさっとかみても100%わからないです。

遡って、掘り起こして、くまなく相手の裏まで見つけること。",,,,,,,,,,,
2024/08/26 6:25,"【SNS発信した方がいい人しなくてもいい人】

Xの発信、数ヶ月頑張ってやっと依頼が来た・・・というのは結構ザラなんですが
なんでSNSやらなきゃいけないのか？なんでぽんぬはそれを推奨しているのか？という話をしました。

『持たざる者が何かを持つことができる現代の魔法』こそSNSだからです。

持たざる者だった私の経験から、こういう話をしています",https://www.loom.com/share/c9fd07ef88fd440b9d4ae906ae41c298?sid=23aa9a8a-0c50-4e6b-8594-db31d933364d,,,,,,,,,,
2024/08/28 10:13,"【実は失敗の方が多いよっていう恥ずかしい話】

上手くいってるように見えても、実際苦悩しながらわーわーいいながらやってるよ、っていう話です（リアルすぎて若干はずかしい）",https://www.loom.com/share/a2602580712149c3b2a8a43d5037c64b?sid=f88a42e4-1f99-45b7-9f6f-52e24aebb602,,,,,,,,,,
2024/08/30 12:57,"【8月ラスト！】

低浮上から回復させる方法を解説してみた",https://www.loom.com/share/e4ab6c11883b45e98d432b2ca2c141ee?sid=0597f01c-e15f-4e7e-bea2-c3d85489b23a,,,,,,,,,,
2024/09/02 13:17,"【言動と行動を一致させようねという話】

言葉だけ綺麗とか上手い人、すごく嫌だなぁと感じた話",https://www.loom.com/share/f737f7fa21b04b40a43512c2b4004421?sid=1dbc46fc-dc79-44f7-a261-4fdbdc69b0e6,,,,,,,,,,
2024/09/04 8:05,【汲み取り力・先回り力の正体】,https://www.loom.com/share/4ebacb4420a6402b8a549cf40562e80e,,,,,,,,,,
2024/09/06 6:33,SNS更新しない人へ,https://x.com/ponnuzukai/status/1831807448463896862,,,,,,,,,,
2024/09/11 6:13,"【本当に効率が良いリプライとは？】

なつさんの質問にフォーカスを当てて回答しました。",https://www.loom.com/share/1f3a0b657f46480b879bfb3be87970ba?sid=c02ad445-bf95-47c6-b77d-4f43dc429ae5,,,,,,,,,,
2024/09/14 7:01,"【SNSは半年後に猛威を振るう】

昨日更新できなくてすみません！",https://note.com/preview/nb67db80cbcbe?prev_access_key=9974a288a546ca4745d5a3dd3be0a405,,,,,,,,,,
2024/09/17 7:21,"【令和ウケするデザインを組み込もう】

ポートフォリオや自主制作増やす時に、持っておいて欲しい考え方です",https://www.loom.com/share/9e1d9a5536ec493dbf8bfb3215e13a21?sid=57938aa2-9907-499c-9160-60c92fd2bc60,,,,,,,,,,
2024/09/18 7:07,"【ソフトスキルが学べるアカウント】

是非是非是非是非ご覧ください！",https://www.loom.com/share/569f0961d8fb4fefa8987df8cf23f198?sid=66d5c191-a55a-437a-847c-be88bce9adcb,,,,,,,,,,
2024/09/20 12:34,【将来への不安の解消】,https://www.loom.com/share/093e60197fb4491eb9171e0581322454?sid=878350ff-e7d7-427e-905c-c006123ee73d,,,,,,,,,,
2024/09/21 11:10,"クライアントワークしてると生き方が反映されるようで、面白い

めっちゃ端的に表すと
「人に嫌われたくない」から
「どうやるとこの人喜んでくれるかな」っていう思考になるか

「人に嫌われたくない」けど
「自分が損するのはもっと嫌だから自分を守らなきゃ」っていう思考になるかで

かなり質が変わる。

残酷だけど
前者は人から助けてもらいやすく
後者はより人から見放されやすい",,,,,,,,,,,
2024/09/24 6:26,"【話題のBrainについて】

ストーリーライティングの教材が話題ですね！

いつものわたしならたぶんホイホイ買っていました

が、

今回はまだ様子見しております。


というのも、、、

最近このBrain製作者の新田さんのコンテンツ(無料ですが)と、小玉さんのコンテンツ(THE メールマガジン)を両方ゲットして読んでました。


みんてぃあさん(現:新田さん)の方は途中で興味が薄れてしまって

小玉さんのほうが、なんというかワクワクしたんですよね。


これだけでどっちがいいとか
どっちの方が元取れる！とか
それはぶっちゃけ、わからないです。

たぶん好みもあります

でも、そんな背景があったので
Brain買ってないです。",,,,,,,,,,,
2024/09/26 12:38,"ここでしか言えないはなし。

このクライアント、なんかなーやだなーやり取りしててもやっとするなーと感じるときは私の中で塩対応するんですが

にもかかわらず新しい人を紹介されたり(だいたい突然)

半年間経ってまた依頼が来たり

なんでやねん、と思うことが多い。


逆にいうと、先日公開したようなやり取りをできるようなワーカーがすくないのかも、と思いました。

なので先日の勉強会アーカイブ
「2024/09/17 参考アカウントの選び方／ヒアリング〜納品の流れ・見積りの出し方」は是非みんな見てください！",,,,,,,,,,,
2024/09/27 15:54,"【修正とお金と信頼】

ハリーさんの日報",https://www.loom.com/share/3540200f1772416a9b8cc13c10c73d60?sid=667edf1e-9dca-46d8-a61c-0439665728f0,,,,,,,,,,
2024/09/30 9:14,"【ポスト分析方法（こらさんの事例）】

日報でこらさんが「伸びない！」と言っていたポストの話",https://www.loom.com/share/98ac2d0bb1ab409593fce8647f7c5c92?sid=a0a83a4f-308a-4cf7-ad21-555aa25594dd,,,,,,,,,,
2024/10/02 6:19,"【ぽんぬの打算的な思考】

何か人に関わる時にひっそり考えてることをとりましたw",https://www.loom.com/share/8b07dcde965442e4b6888ef99bd0c4eb?sid=96a47906-8586-4005-95e9-b7ad3eb8f30b,,,,,,,,,,
2024/10/04 7:25,"【ぽんぬラジオ#1】

過去のやべえクライアントの話

今日はダラダラ系音声です。笑",https://www.loom.com/share/d2e59db73a61488887de43a0c504dd1f,,,,,,,,,,
2024/10/07 7:46,【単価を上げるブランディング】,https://www.loom.com/share/ac731831b8cb4f90979ccdbc8bf351ce?sid=eeff1be1-9078-4d97-aa39-597a403e5e91,,,,,,,,,,
2024/10/09 13:17,"【スライドデザインの　実況中継】

スライドを案件で制作する時の、最初のデザイン決め〜トンマナ設計の実況中継をしました

2.5倍速推奨（30分弱が3本ありますw）気になる人は①と④みるのがいいかも

①スライドデザイン作成の実況中継　デザインリサーチ",https://www.loom.com/share/9336b1f2250f49d6861887d2ae31f2d9?sid=7d0ed91e-d494-4591-899c-af8f6cc9e877,,,,,,,,,,
2024/10/12 6:59,【ぽんぬが初期にやってた時間のつくりかた】,https://www.loom.com/share/08da76def0224e40af8c0bae75c52a27,,,,,,,,,,
2024/10/18 5:42,"【スライドの正解と不正解？】

スライド課題１の作り方が人によって違う点から
知っておいて欲しいことを解説してみました！",https://www.loom.com/share/dcd2f23705ec45cba1e08d130a7e60b4?sid=e4348d7c-310c-43f5-98c3-281a8f05c41f,,,,,,,,,,
2024/10/18 17:10,"完全に男性発信者の部分抜けておりました!!
参考資料（Xプロフィールの）女性の雰囲気に合わせて作成してました。

その辺もCWでしたらご迷惑おかけすることになるのでしっかり意識していきます。

かずのりさんのスライドは動きがありセミナーなどはより見ている人に内容が
伝わりやすいと感じましたので用途に合わせて作成できるようにします。

例にあげていただきありがとうございました。
修正できましたらまた提出いたしますのでよろしくお願いいたします。
（お忙しいと思うので返信は不要です）",https://www.loom.com/share/dcd2f23705ec45cba1e08d130a7e60b4?sid=e4348d7c-310c-43f5-98c3-281a8f05c41f,,,,,,,,,,
2024/10/21 8:06,"【「この人丁寧！」って思わせるテキストメッセージ6選】

講座メンバー含めてテキストコミュニケーションが丁寧！な事例をあつめて解説しました。",https://www.loom.com/share/140963c9bb0449df9ca409aa4334da99,,,,,,,,,,
2024/10/24 8:29,"【キャパが限界を迎えた時どうする？】

過去最高月商を記録しそうですが、キャパがやばいよ、そんな時は.....

っていうラジオ回です。",https://www.loom.com/share/525e3a81340040f389a075c947d68eef,,,,,,,,,,
2024/10/25 10:19,"【プロフィール添削AIつくってみた】

このポストをもとにして作成しました。
くろーど課金してる人はprojectにしちゃうと楽かも",https://www.loom.com/share/5ab5520a43524b6f958c8021bb24a73c?sid=34712622-c6ec-4215-9988-2d856be29ca5,,,,,,,,,,
2024/10/28 12:36,【高額SNSを購入し2年半がたちました】,https://www.loom.com/share/6d7402daa4304f8daf5f8e1bf5d54fee?sid=f1751361-1028-42c2-afd5-0b3ed0cc2f94,,,,,,,,,,
2024/10/30 16:44,"【うまくいかないこともたくさんある、そんなとき、、、】

うまくいかねぇええええええええ

っていうお話し。笑",https://www.loom.com/share/f8b98daa2ac9492aa5af6ad8394e50db,,,,,,,,,,
2024/11/01 17:55,【11月だね！ぶっ倒れたよ！】,https://www.loom.com/share/f2f08abc73584d389df00688b34a92a4,,,,,,,,,,
2024/11/04 6:45,【フリーランス新法、はじまりました】,https://www.loom.com/share/923bf9bf0798493fbbdfdf04a19e503e?sid=f7198220-ffe6-4a9e-b5d8-acc4b7314244,,,,,,,,,,
2024/11/07 7:14,【決済とかクライアントワークのインフラマニュアル整備中です】,https://www.loom.com/share/1599f30804b04b90b187390f20220370?sid=6edb3a92-4abd-48a6-a7fa-422544ad5658,,,,,,,,,,
2024/11/08 8:26,"スタエフ、始めました！
初投稿です。",https://stand.fm/episodes/672d4c502890564183f55ffa,,,,,,,,,,
2024/11/11 11:11,【タスク管理のコツ3つ。】,https://www.loom.com/share/cf6418f3f3b148678ec7d6ec9317e702,,,,,,,,,,
2024/11/12 6:05,"【家族との亀裂が入ったら】

火曜ですが、日報見てて取らなければと思い収録しました
途中で途切れちゃったので2本立てです

①",https://www.loom.com/share/0351ba358d02445e81f6165db0a017d5?sid=b44953b0-df68-4921-a2cb-05284f236c8c,,,,,,,,,,
2024/11/13 7:57,"スタエフ2回目を更新しました！

【在宅ワーク、先が見えなくて不安な時の解決方法】",https://stand.fm/episodes/6733dce8b748ff35d9c1400a,,,,,,,,,,
2024/11/17 12:08,さいきんの,https://x.com/natsu_work8/status/1857977606349676610,,,,,,,,,,
2024/11/18 12:46,"【Xのここ数年の変化をざっくり解説】
してみました！",https://www.loom.com/share/f1d24527de7d4063a3e85949956f80e0?sid=928c643d-fbc6-490b-94a3-d69f7d5719ba,,,,,,,,,,
2024/11/22 7:35,"【Claude便利さやばい】

丸投げ案件もクロードくんに相談すればどうにかなるね、優秀すぎ！月三千円の働き方じゃないね！笑",https://www.loom.com/share/80f1e8af33574247aae9669cec9425a0?sid=360614c6-58ce-44ec-8346-72bf363f7a28,,,,,,,,,,
2024/11/23 7:49,"【ブームが起きたら乗っかるべき？】

SNS（とくにXでは）ブームや波がよく起こります。
そのときの影響や乗るべきか乗らないべきかという部分を解説しました！",https://www.loom.com/share/faeac92caa8343debea188f7fa210356?sid=9e112692-c571-472a-a1e0-1dc5c9ea388a,,,,,,,,,,
2024/11/25 17:30,"【ムーブメントを分析しよう】

言語化練習の部屋で問いかけたお題",https://www.loom.com/share/73a1b632288e4dbaadf88996663bff71?sid=ee1eaf07-105f-4f98-a7c6-19f954ae484e,,,,,,,,,,
2024/11/27 16:41,"【最近の実務で使ってるAI】

声が潰れているので、Noteで更新しました",https://note.com/ponnumam/n/n9dc6b9bd9553?sub_rt=share_pb,,,,,,,,,,
2024/11/29 22:00,"【請求書発行してて思う、３つのこと】

月末恒例行事をしてておもったことをつらつらと

ゆるラジオです",https://www.loom.com/share/333805bf6d8d4221b7abf733cfcf2a10?sid=47690b58-3d16-433e-b059-d56ede1adb8d,,,,,,,,,,
2024/12/02 7:29,"【最新版　X運用】

内容を最新版にアップデートしました！こちらをご覧ください！

X運用の朝のルーティーン",https://www.loom.com/share/1e1897de0aa1433b81a66b6395380400?sid=a566be82-8bff-43b2-8928-4acd7c03d037,,,,,,,,,,
2024/12/04 12:10,"【ぽんぬAIアップデート】

ぽんぬAIがアップデートしました！

【GPTs】",https://chatgpt.com/g/g-674d5e2b3d2c8191bba4b8fe4f38c661-honnuai,,,,,,,,,,
2024/12/09 9:39,"【クロード使用事例】

AIどんな意図でつかってる？を犬の散歩しながら解説！",https://www.loom.com/share/96dd4d99001c47ce805ad825af3009c4,,,,,,,,,,
2024/12/12 17:05,"【友達がいなのでAIにインタビューしてもらいました】

『会社作ってみた』を話しました。ちゃっとGPTすごい！",https://stand.fm/episodes/675a96f18d3743ad502e003b,,,,,,,,,,
2024/12/13 7:37,"【タスク管理のマインドセット】

時間がうまく使えないという相談が多いので、昔を思い出しながら話してみました。",https://www.loom.com/share/d2f04868b1a546a8bca53d0866ad3372,,,,,,,,,,
2024/12/13 7:38,動画で言ってた私のスケジュール感です,https://www.loom.com/share/d2f04868b1a546a8bca53d0866ad3372,,,,,,,,,,
2024/12/17 23:35,【フリーランスの帳簿付マニュアル】,,,,,,,,,,,
2024/12/23 18:31,"【想いは口に出すべし】

ふと、講座の中でいただいた質問を思い返して、面白い共通点があったのでログに残しました",https://www.loom.com/share/6f13ac7c70a14589975040a7e0460c02,,,,,,,,,,
2024/12/26 5:39,"【この2年で知った真実】

リアルです。",https://www.loom.com/share/bbebcab0be494c978951886c8856c16c,,,,,,,,,,
2024/12/31 7:09,"【2024年を1ヶ月ごとに振り返ってみた】

みなさん、どんな一年でしたか？",https://www.loom.com/share/c2006c2fe5804716a273a3c5796ee08f?sid=f27d7c61-3725-482e-b46e-543db8192d9e,,,,,,,,,,
2025/01/02 12:03,"みなさん、あけましておめでとうございます！

新年1発目のぽんぬのつぶやき！

BGMいれたらloomにアップできなかったので、こちらからお聞きください！",https://drive.google.com/file/d/1NevBpi9B3ngtWlNyyIeqtFRN_K-SygHn/view?usp=drivesdk,,,,,,,,,,
2025/01/11 6:41,"全然つぶやけてなかった！！！すみません！

ペースもどします！

【高単価な案件を受けれるようになって大変だったこと】",https://www.loom.com/share/d1c34fe2dd924f649d9ef7952bb083bf,,,,,,,,,,
2025/01/16 6:46,"Aiつかうときに知っててよかった考えたをまとめてみました！
今日はスタエフです！",https://stand.fm/episodes/67882c168799ce98b59b5fc5,,,,,,,,,,
2025/01/17 9:39,"【みんな，，なに知りたい？】
・マーケティングってどうやっておぼえましたか？
・デザインどうやって色々作れるようになりましたか？
などなど、質問が増えてきたのでみんなに質問をしました！

ぜひ気軽にコメントしてください(loomにコメントお願いいたします)",https://www.loom.com/share/7bfc6a801995484387a4bd4d7f90d301,,,,,,,,,,
2025/01/20 8:11,"【みんなが知りたいことがわかりました】

コメントみなさんありがとうございました！
そして、結論がでましたね。

みんなが知りたいやつ，アレでした",https://stand.fm/episodes/678d80e4568db1bb73396ba7,,,,,,,,,,
2025/01/22 7:45,"2025/01/22 ぽんぬのつぶやき

パートナーとうまくいかない問題",https://www.loom.com/share/2abf331331194f7a9bb2a4cf64dba37d?sid=3e56ca00-83e7-489a-bcb3-6b86eca7d52f,,,,,,,,,,
2025/01/27 13:43,"【ホワイトボード機能、使ってる？】

・チームで案件こなす時
・納品物がいろいろある（サムネと、スライドと、バナーと・・・みたいな）
・全体のイメージをすり合わせしたい

そんなとき、ぜひ使ってほしいのがこの機能です！
ぽんぬ案件で毎回でてくるこの使い方、知らない人がいたらもったいないのでご覧ください！",https://www.loom.com/share/88b6f671de6a41e9aa3adeaf5a13e600?sid=219bee94-747d-42b7-b7c8-0edad43e36b8,,,,,,,,,,
2025/01/28 11:02,"みなさん，お疲れ様です。

今日の勉強会，急に変更となり申し訳ありません。

朝から寝てるはずなのに眩暈と吐き気が激しく、なんだこりゃ、、、と先ほど医者に行ってきました。

どうやらメニエール病になりかけているそうで，その発作らしいです。

頓服もらってきて、今横になってますがどうにも対処がわからす...

本日だけ、ちょっと連絡とりにくくなります。申し訳ないです",,,,,,,,,,,
2025/01/29 17:21,"【メニエール病になりかけていたので今後どうする？】

みなさまご心配をおかけしております、、、",https://stand.fm/episodes/6799e4c980ad5d94e163ee6f,,,,,,,,,,
2025/01/30 18:30,"たった今たくさん募集出しました！

あとみんな・・・
アイキャッチレッスンやってね・・・文字組みうまくなるからね・・・文字組みできるとクオリティ上がるからね・・・

アイキャッチレッスンの課題、まだ一人も出してないんよ（泣）",,,,,,,,,,,
2025/02/01 6:20,【スライドの値段を上げる最初のタイミング】,https://www.loom.com/share/b6e74b35b10f47fa9f489f9e2fa3cf23?sid=c14688fa-dfab-4a96-95b7-3bb1ce378d26,,,,,,,,,,
2025/02/03 8:11,"【ポスト上手い人紹介】

クライアントワーカーとしての発信が上手いなぁ，と思うメンバーを紹介しました！",https://stand.fm/episodes/679ffb26c92e42bb23735591,,,,,,,,,,
2025/02/08 16:41,"【月収50~200万、って何やるとそうなるん？】

まだ駆け出しの時は「月収100マンって何すればそうなるん！？！？！」っておもってました

多分そう感じる人もいるよねってことで
マネーフォワード確定申告の画面とともにリアルを話しました",https://www.loom.com/share/e9afc905b3f14d2fb70ca337710b1949?sid=129bb13a-5c55-4b26-86d2-eaa1fbd9cbeb,,,,,,,,,,
2025/02/11 14:43,"ぽんぬの昔のコンテンツ

前編：フォロワー0〜500人まで",https://drive.google.com/file/d/13dxKIAYjGP3CRuSR7ifoHTS_183Lm98z/view?usp=sharing,,,,,,,,,,
2025/02/12 7:49,"【0からのX発信ステップ】

Xの更新できなきひともできてる人も、もっとハードル低く捉えて大丈夫。だんだん上手くなるよ，という話",https://stand.fm/episodes/67abd36ffeac83b67ad5249b,,,,,,,,,,
2025/02/13 16:17,"日報が出せないな〜〜っていう人へ

週報でもいいです、
毎週日曜や金曜に、「今週を振り返る」意味で出してください！

ハードルを下げてもいいからタスク整理と過去の自分を振り返りましょ。
だせなかった、終わり・・・じゃなくて、「ちょっとづつでもいいからやめない」の価値ってめちゃくちゃ大きいです。

出せなくても私に支障はないんです。

・今週の自分、何できたっけ
・なんで今週ダメだったんだっけ
・今週なんで調子良かったんだっけ
・来週はこうしよう

（日報でもそう）

この行為の価値が大きいんですよ〜〜！！
普通に過ごしていると、振り返りなんてしないでしょ？

日々の記録をつける間もなく、疲れて寝ちゃうじゃないですか・・・

「できなかったこと」もアウトプットできる素材の一つです。
それでも振り返れば「あ〜自分にとってこれは詰め込みすぎだったな」とかわかるじゃないですか？

そういうのが必要だったりします",,,,,,,,,,,
2025/02/15 3:26,"【案件のプレっシャーへの耐え方】

案件受注数が増えてくると嬉しい反面、プレッシャーも増えてきます。
グルコンの中でそういう話題が上がったので、マインドとかプレッシャーに対して強くなる考え方を解説してみました",https://stand.fm/episodes/67af89ff0576303b91613bb3,,,,,,,,,,
2025/02/18 10:52,ツイート収集の方法,https://www.loom.com/share/17bde8ceffc042e49d3233b4932269a1?sid=5b5e04f0-4ed0-4f47-a645-f08eef6e39ba,,,,,,,,,,
2025/02/18 11:01,ぽんぬ参考ポスト,https://docs.google.com/spreadsheets/d/1kW-4_RA3QuvOcDs9SMOEBKX4sWj3UUt1CtIrSzTB7kY/edit?usp=sharing,,,,,,,,,,
2025/02/18 11:48,昔もらった誰かの図解まとめ,https://docs.google.com/spreadsheets/d/1aTpgka87bwp_B0btbxfx4qS63IY7l2Bl0jvf1e9ULmE/edit?usp=sharing,,,,,,,,,,
2025/02/19 8:51,"【Xで投稿ネタがない→できるようになった！人がやってること】

発信ネタない人、必聴です",https://stand.fm/episodes/67b50c2a1bf8cc4b93bbad9d,,,,,,,,,,
2025/02/25 7:44,"【ポストするハードルを下げよう】

途切れてもいいから続けるって、価値があるよという話",https://stand.fm/episodes/67bcf614a55bc9f907aba689,,,,,,,,,,
2025/02/26 19:05,"【図解・スライドで0から実案件獲得の1番スムーズなステップ】

最近のうちの講座の王道の流れってこれ",https://stand.fm/episodes/67beddbe04ca09d8f236dedd,,,,,,,,,,
2025/03/01 7:46,"【レイヤー別の自己投資をしよう】

お金の使い方も、今の自分に合わせた使い方をしてね。",https://stand.fm/episodes/67c23c5102d1d15fa8924dc2,,,,,,,,,,
2025/03/05 7:18,【2月の講座の様子レポ】,https://stand.fm/episodes/67c77bb5ad12ab3e59328f96,,,,,,,,,,
2025/03/09 9:18,名古屋で合宿にきております,https://stand.fm/episodes/67ccdade79111f020c55803c,,,,,,,,,,
2025/03/10 10:32,"【合宿と、リールと】
図解リールつくれそうだよよよよっ！！！",https://stand.fm/episodes/67ce408db5e54095929f27f1,,,,,,,,,,
2025/03/17 8:39,【Xに搭載されてるAI、よいぞ】,https://stand.fm/episodes/67d75f729def5c15bbabedb4,,,,,,,,,,
2025/03/19 7:28,【速攻で案件獲得できる方法４つ】,https://www.loom.com/share/f8c6d85162de462db505d09954053df1?sid=264817e2-9025-4811-a364-f0a624747517,,,,,,,,,,
2025/03/29 8:30,"【目標設定のススメ！】

私利私欲を満たす目標も、きめてますか？
実は大事なんですよね。",https://stand.fm/episodes/67e730982c562853b919ed2c,,,,,,,,,,
2025/03/31 14:58,"【代表作ってある？】

以前、代表作はありますか？と聞かれて困った時の話",https://stand.fm/episodes/67ea2e6746a7c96673b8f88d,,,,,,,,,,
2025/04/03 6:16,"【人と比べるときに思い出してほしいこと】
4月初つぶやきです！",https://stand.fm/episodes/67eda663ecff890d9dbacf59,,,,,,,,,,
2025/04/05 13:51,"【あせらない】
※最後にオフ会案内あり

新メンバーも増えましたので、この講座の使い方というか、心構え？的な部分をお話ししました！",https://stand.fm/episodes/67f0b612a52269f3dba8a9fe,,,,,,,,,,
2025/04/09 16:15,【canva×LPってどうなん？と言う話】,https://www.loom.com/share/e3e77ef6b3e3495dbc666a6e19b949f9?sid=d5715d13-f7a7-4163-ae33-313d93c760b1,,,,,,,,,,
2025/04/09 22:36,"さん
わーーーーお！！こんなにがっつり回答もらえるとは思ってなかったのでびっくりです！！お忙しいのにありがとうございます！！
じっくり見てリサーチしてみます",,,,,,,,,,,
2025/04/09 23:40,"LPめちゃくちゃ気になります！
講義していただけると嬉しいです",,,,,,,,,,,
2025/04/11 7:01,"【おすすめ書籍】

ぽんぬの事務所の本棚を晒しました",https://www.loom.com/share/15fd11416c184475922a5b477a225bb9,,,,,,,,,,
2025/04/15 7:25,"【駆け出しの時の勘違い5選】

お仕事に関していまになっておもう
「これ、勘違いだったなー」をまとめました。",https://stand.fm/episodes/67fd8aa6150b93298048392f,,,,,,,,,,
2025/04/17 9:03,"【在宅ワークデビューの時の、買い物リスト】

こんなものに課金することになります(だいたいの人が買うもの)
をまとめてみました。",https://stand.fm/episodes/6800447ce8622d20724134b8,,,,,,,,,,
2025/04/17 9:17,「お探しのページが見つかりません」になっています,,,,,,,,,,,
2025/04/17 9:27,"キラキラ脳筋メスゴリラジオのリンクですね。
例えば、最新のこちら",https://stand.fm/episodes/6800447ce8622d20724134b8,,,,,,,,,,
2025/04/17 9:50,"前はPCでも見られたのですけどね・・・

他の方もそうなってるようなので、スタエフ側の問題かもしれないですね。。",https://x.com/88cmRADIUS/status/1912452921599422588,,,,,,,,,,
2025/04/21 15:41,"【出張を諦めた話】

仕事も育児も！
というのはどこまでかできてると言っていいのか、できてないとなるのかぶっちゃけ線引きがないんですよね。

どちらかを一瞬犠牲にして、どっちかを、優先する。

そのタイミングはきっと人それぞれなんですが...

私の場合、「寝る時にママがいて欲しい」を今回は優先したよっていう話です。",https://stand.fm/episodes/6805e7afc2dd7b79a1389096,,,,,,,,,,
2025/04/23 19:22,"【図解がうまくなる思考】

文字や文章をデザインにするときに私が考えてるのは、こんなことだよ〜というぼやきラジオです",https://stand.fm/episodes/6808bf12b45c57c504c0e7c2,,stand.fm,,,,,,,,
2025/05/03 18:56,"【エックス、何言えばいいかわからないし、何がわからないかもよくわからない人へ】

この講座で、
最初からX運用できてたよ！
という人は0人です。

なんなら
0からアカウント作ったよ！という人が多いくらいなんじゃないかな。

0からでも、見よう見まねで徐々に発信できるようになっていった人ばかりです．

以前に0からどうやってXできるようになったの？というインタビューをしたので、最近入ってくれたみなさんには参考になるよ！",https://youtu.be/j9JTo8rUBYg?si=k68EoGQwPN3k4l4v,https://youtu.be/j9JTo8rUBYg?si=k68EoGQwPN3k4l4v,YouTube,,,,,,,,
2025/05/05 7:01,"【X図解の参考探しアイディア】

「図解のテーマ、きまりません！」という声をたくさんいただいたので、探し方についてです！",https://www.loom.com/share/813ac166ffb44fceb51e3a1736bcbad4?sid=8d514a08-c177-4b31-a08c-692b017fef63,https://www.loom.com/share/813ac166ffb44fceb51e3a1736bcbad4?sid=8d514a08-c177-4b31-a08c-692b017fef63,Loom,"検索コマンド

ゴールド 相性 min_faves:500",,,,,,,
2025/05/08 7:47,"【悩んでいる状態=正解？】

講座やり始めて試行錯誤して、色々悩む場面もあるけどそれが実は正解ルートという話。",https://stand.fm/episodes/681be2ad34ae4ca574362dda,https://stand.fm/episodes/681be2ad34ae4ca574362dda,stand.fm,,,,,,,,
2025/05/14 8:32,"【コスパよくいきましょって話】

図解のネタだしにしても、
コンテンツを作るにしても
私が普段から意識してることを、つぶやいてみました。

結構コスパよく生きてます",https://stand.fm/episodes/6823d61cd71c6a171d6c0fca,https://stand.fm/episodes/6823d61cd71c6a171d6c0fca,stand.fm,,,,,,,,
2025/05/19 10:56,"【実際稼げるようになって「全然ちがうやんけ！！！」と思ったこと。】

3〜4年前と今で
あ、これ全然感覚も事実も違ったわ、、、ということを書き出してみました。

暇つぶしに読んでみてください",https://note.com/preview/nd60469af3ac7?prev_access_key=da31c2746e3159f666cea7dfd80363fe,https://note.com/preview/nd60469af3ac7?prev_access_key=da31c2746e3159f666cea7dfd80363fe,,,,,,,,,
2025/05/21 7:14,"【月収20万円が安定するまでのリアルな流れ】

わたしの場合どうやって20万円が安定したかなぁ、、と思い出しながら話していたら24分も話してしまいました

最初はお金が欲しいから始まったけど
気づいたら「この人が喜ぶことをしたい」という考えで動くようになっていました。",https://stand.fm/episodes/682cfe2b03e841d0713fddb1,https://stand.fm/episodes/682cfe2b03e841d0713fddb1,stand.fm,,,,,,,,
2025/05/25 12:17,"【経験値を最速で積むアイディア４選】

自主制作の他にも
・制作スキル
・コミュニケーションスキル
・責任負担（メンタル部分）
総合的に経験を積めるすぐできるアイディアをまとめてみました！

どれもプラスになるので、自分にとってどの手段がやりやすいかなとか
どれを求めてるかな、っていう視点で聞いてみてください！

デザインは標準装備として鍛えるべきスキルなんですが
それ以外の部分にも目を向ける方が今の業界の状態から見ても得策です。

テキストコミニュケーションできないスーパーデザイナー
メンヘラで波のあるスーパークリエイター

そんな何の再現性もない働き方は非推奨。",https://www.loom.com/share/f6b06a45549948b79d24beeaf10420ee?sid=39d9c40a-a198-4a4a-af7c-5782118221f3,https://www.loom.com/share/f6b06a45549948b79d24beeaf10420ee?sid=39d9c40a-a198-4a4a-af7c-5782118221f3,Loom,,,,,,,,
2025/05/26 10:57,"【マルチタスクができる人、できない人】

なかなか作業が進まない、、、
もっと効率良くできないか、、、

とお悩みの人むけに取りました！

考え方をかえてみて",https://stand.fm/episodes/6833ca059d34dd574275b32b,https://stand.fm/episodes/6833ca059d34dd574275b32b,stand.fm,,,,,,,,
2025/05/28 8:39,"【単価を上げるために必要なこと】

これで「スキル！」って思った人、この動画を10回はみてください。笑

単価上げたい！というひと
将来的に上げていきたい！というひと

何回見てもいいからこの動画をすりこんでほしいです。

このYouTubeの方はぽんぬの受託売上を、30万から200万まで伸ばす指導をしてくれた人です。

※ちょっと後半は難しいので前半みるだけでも○",https://youtu.be/klEZpXcVgBg?si=INGw40TlsecxMODz,https://youtu.be/klEZpXcVgBg?si=INGw40TlsecxMODz,YouTube,,,,,,,,
2025/05/30 6:30,"【焦りの正体】

日報みてるとよく 焦る と言う文字が目に入るので、なんで焦るのか？と
焦ったらやってほしいことを話しました．",https://stand.fm/episodes/6838d112506607bc288b40ea,https://stand.fm/episodes/6838d112506607bc288b40ea,stand.fm,,,,,,,,
2025/06/02 8:43,"【6月、人生初の挑戦やります】

みんな聞いてください。",https://stand.fm/episodes/683ce553556cc9d06122773c,https://stand.fm/episodes/683ce553556cc9d06122773c,stand.fm,,,,,,,,
2025/06/04 7:23,"【初案件獲得と、ふわりさんの秘密】

昨日の勉強会、大盛況でした！
そして今日はふわりさんのお部屋の日です",https://stand.fm/episodes/683f7579e9882ab4c6361957,https://stand.fm/episodes/683f7579e9882ab4c6361957,stand.fm,,,,,,,,
2025/06/06 6:10,"【講座のメンバーがふえて、、本当にサポート大丈夫？】

みなさんに聞いて欲しい内容です。

わたしが考えてる未来も、話してます。",https://stand.fm/episodes/68420730aaa534ae9254cb25,https://stand.fm/episodes/68420730aaa534ae9254cb25,stand.fm,,,,,,,,
2025/06/09 7:39,"【ぽんぬの本音 と 交流会のお知らせ】

今日もめちゃくちゃみんなに聞いて欲しい内容です。
講座やっててこんなこと話していいんか・・・っていう内容ではあるけど・・・

聞いてみてください",https://www.loom.com/share/3ad9643d1bbf4d5987ce04a19360f726?sid=be2ce0b7-fa3e-4e32-9d97-ea2ea12e8aab,https://www.loom.com/share/3ad9643d1bbf4d5987ce04a19360f726?sid=be2ce0b7-fa3e-4e32-9d97-ea2ea12e8aab,Loom,,,,,,,,
2025/06/13 7:36,"【クラウドワークスのセミナースライド案件あるあるとその理由を解説】

セミナースライド案件、
単価やすいけど作るの簡単なものが意外とある。

そんなお話",https://www.loom.com/share/f46f7c87c1834ca5976a35ad6d5ee1b4,https://www.loom.com/share/f46f7c87c1834ca5976a35ad6d5ee1b4,Loom,,,,,,,,
2025/06/16 9:34,"【のりさんの初心者質問会】

のりさんの質問会、このあとありますね。

で....

こんなことに悩む人、ぜひ聞いてみて

・オンライン秘書と図解を組み合わせて何か変わった？
・気配りとか、先回りとか、どうやってきづくの？
・子ども3人いて、ガンガンお仕事できる工夫


とか。


のりさんには私も秘書としてお願いしているんですが、マジで何言っても大体ことがらをまとめて提案して、ググッと進めてくれます。

死ぬほど助かってます。


そんなのりさん、
最初は単価が上げられくて半年？1年？くらいうだうだ期がありました。笑


でもちゃんと
案件取捨選択して
断りを入れることができて
新たなお仕事が舞い込んで

次に進んだお一人です。

最初からめっちゃできている人だったか？
といわれた、半々。

悩み、葛藤もたくさんある人でした。会社を辞める時もそうだった。


少しでも重なる要素があるひとは、話聞くだけでもいいので行ってみてくださいね。

のりさんは質問されれば超丁寧に答えてくれますが、
質問されない限りは遠慮深いのでなにも話しません。笑",,,,,,,,,,,
2025/06/17 8:46,"【頭でっかちになるな】

勉強しよう！
スキルつけよう！

、、、っていうのがズレてる人にはブッ刺さる内容だとおもいます。

自分は大丈夫かどうか、確かめてみてください",https://stand.fm/episodes/6850ac32d7d0f68466c16db3,https://stand.fm/episodes/6850ac32d7d0f68466c16db3,stand.fm,,,,,,,,
2025/06/19 7:02,"【収益化できなかった人の話】

今までに収益化させることができなかった人の特徴や、背景を話してみました。",https://stand.fm/episodes/68533479abeeec76aa64c3d9,https://stand.fm/episodes/68533479abeeec76aa64c3d9,stand.fm,,,,,,,,
2025/06/21 7:13,"【1人とチーム】

いよいよ，，明日はリアルセミナー！

楽しみです♪

そして、セミナー準備しながら
1人でやること
チームでやること
どちらも良し悪しあるね，って思って。

そういう話をしてます。",https://stand.fm/episodes/6855dc5031d5d2af7cc90502,https://stand.fm/episodes/6855dc5031d5d2af7cc90502,stand.fm,,,,,,,,
2025/06/24 6:30,"【案件取るために，本当に必要なのは】

マインド系の話が多くなってしまうけど
内側の部分こそ，すべての土台なので大事にしてほしい。

そんな思いでお話ししました。",https://stand.fm/episodes/6859c587263a4779e54c8c2e,https://stand.fm/episodes/6859c587263a4779e54c8c2e,stand.fm,,,,,,,,
2025/06/25 7:05,"【改めて、X運用について】
3〜4月に入った人は，必聴です。",https://stand.fm/episodes/685b20100ca2cb2326fb0cb4,https://stand.fm/episodes/685b20100ca2cb2326fb0cb4,stand.fm,,,,,,,,
2025/06/25 7:12,"掛け合わせはよくある手段なのですが、基本的に事故りやすいです。

投稿主を批判するつもりはなく、言ってることはあってますが....


これを安易にやって後，こちらの投稿についての考え方をひとつ。",https://x.com/omgt41/status/1937484130952052790?s=46&t=DIlpsZfZQJqamGKAPFDzSw,https://x.com/omgt41/status/1937484130952052790?s=46&t=DIlpsZfZQJqamGKAPFDzSw,,,,,,,,,
2025/06/26 6:07,"【Xでの差別化 | 案件応募の注意点】

昨日のXのはなしのつづきと、
講座内案件に応募するときに注意してほしいことを話しました。

未視聴だと今後の案件への参加が難しくなりますので必ず聞いてください。",https://stand.fm/episodes/685c640a2449285bfb8886c7,https://stand.fm/episodes/685c640a2449285bfb8886c7,stand.fm,,,,,,,,
2025/06/27 8:53,"【1500円のスライドと3000円のスライドの違い】

このポストの答えです。",https://x.com/ponnuzukai/status/1938119077698146468?s=46&t=DIlpsZfZQJqamGKAPFDzSw,https://x.com/ponnuzukai/status/1938119077698146468?s=46&t=DIlpsZfZQJqamGKAPFDzSw,stand.fm,,,,,,,,
2025/06/30 8:10,"【心が壊れるとき、心が折れる時】

ちょっとした昔の話。
しんどい時を知っておくのも大事。",https://stand.fm/episodes/6861c7452b9cfc905d1138a6,https://stand.fm/episodes/6861c7452b9cfc905d1138a6,stand.fm,,,,,,,,
2025/07/07 8:30,"【ぽんぬのつぶやきセレクション】

過去のもので「これは聞いてくれ！」というつぶやきを紹介。


「新たなことに挑戦するとき何を考えているか？」

っていうテーマの話です。

きっと入りたてのみなさんに、ぴったり。",,,,,,,,,,,
2025/07/08 9:00,"【わたしの長所と短所】

最近起きた悲惨な出来事についてはなしてます",https://stand.fm/episodes/686c5f43789a57476e284eff,https://stand.fm/episodes/686c5f43789a57476e284eff,stand.fm,,,,,,,,
2025/07/11 8:24,"ゆるっと雑談

最近あった悲しい出来事を吐露しております",https://stand.fm/episodes/68704b386336ad18f2746175,https://stand.fm/episodes/68704b386336ad18f2746175,stand.fm,,,,,,,,
2025/07/14 8:42,"【ぽんぬの言うX運用とは】


今日は音声を話すタイミングがなかったので、テキストでお送りします。
最後の方にはつぶやきバックナンバーで、「なんでSNS発信を推奨してるのか？」関連の内容をおいてますので、聞いてみてくださいね。

---

「SNSが苦手です」
「Xは使ったことがない」
「Xはプライベートでしかやったことがない」

...と、言う声は多いどころか
この講座入ってくる方の99%がそうです。

ご安心ください。笑

その中で、いざやってみて楽しいと思う人もいれば

やっぱり難しいな...と思う人もいます。

むしろ、後者が多いです。

それもそうで、
会社員として生きてきたり
パートや派遣として生きてきたり

通常の会社員として求められるスキルのなかに

ライティングだの、気持ちの言語化だの、発信だの、バズだの

そんなものを求められることはないからです。

求められる人はなんらかの部署や役割を担ってきた人でしょう。


一つ、冷静に考えてほしいんです。


今までと、いまこの講座の環境は全く違います。
もう違う世界に足を踏み入れていると気付いてください。


会社員と
自営業(そうでなくとも、自分で仕事を取ると言うこと)は

全く違います。

会社は、すべてのルールを決めてくれて、安定の保証をくれる代わりに
・決められた給料
・決められた業務
・決められた職場
・選べない人
・決められた時間
という、約束された予想できる未来だけをくれるものです。

今私が教えているものはそれがすべて取っ払われた場所で
お金を稼ぎ、自分が理想とする未来にすすむ方法です。


その、非常にリスクがひくく、大きく飛躍できる可能性が高く、誰でもできる手法の一つとしてSNSノウハウをお渡ししてます。

その中でも経験値からXがもっとも高確率でうまくいく(継続しやすさ、手軽さ)からノウハウとして固めています。


それがむずかしいのはわかる。
誰でもすぐにできるなら、こんなに美味しい市場にはならないですからね。


Xのアカウント設計も
発信も、難しいと感じたとしてもせめて整えておく(発注者からみて、信頼できそうな人だなと思われるビジュアル)にはしておきましょう。

そこは個性じゃないですよ、
信頼できそう=個性 ですか？

....そんなこと、ないですよね。

最低限、そこはできるはずです。


その上で、Xは後回しにしても良いです。

その代わり、打ち手が一つ減ると言う事実だけはわかってください。

他でその分のアクションを取る必要があります。


全ては可能性を上げるためにできることをやっていくのみです。


ここまで聞いて、わかったと思います。

バズりたい！承認欲求満たしたい！交流会したい！仲間増やしたい！

というSNSの話ではないと言うことが。



仕事の広報としての活動、
業務の1つとして、X をしているんですよ。

それは自分の可能性を広げる手法の１つ、と言うことを覚えておいてくださいね。


それでも嫌だ...と言う人は
このポストで紹介したことや",https://x.com/ponnuzukai/status/1944329708541497437?s=46&t=DIlpsZfZQJqamGKAPFDzSw,https://x.com/ponnuzukai/status/1944329708541497437?s=46&t=DIlpsZfZQJqamGKAPFDzSw,Loom,,,,,,,,
2025/07/14 8:55,p.s 一回やめて別でふりきる！と決めた人は振り切ってください！,,,,,,,,,,,
2025/07/18 1:41,"【注意喚起】

スレッズやxで案件募集に見せかけて営業zoom繋いでくる人が増えてる、と言う話です。

皆様、必ず聞いてください。",https://stand.fm/episodes/6878590a566539f54f8e6e2d,https://stand.fm/episodes/6878590a566539f54f8e6e2d,,,,,,,,,
2025/07/18 5:16,"案件募集にみせて、営業zoomだった！という案件に当たってしまった人へお願いです。

・該当の営業アカウント
・クラウドワークならその募集文
・SNSならその募集投稿
などをぽんぬにDMでおくってほしいです",,,,,,,,,,,
2025/07/18 14:28,スレッズの詐欺垢,https://www.threads.com/@mindfree_works?igshid=NTc4MTIwNjQ2YQ==,https://www.threads.com/@mindfree_works?igshid=NTc4MTIwNjQ2YQ==,,,,,,,,,
2025/07/19 10:25,"【六本木オフ会レポ】

昨日参加されたみなさん、ありがとうございました！

関東組はまた次の機会にもぜひ。

昨日のレポです。",https://stand.fm/episodes/687af38accf5f7470fe81c1a,https://stand.fm/episodes/687af38accf5f7470fe81c1a,stand.fm,,,,,,,,
2025/07/24 7:24,"【パッケージプランのすすめ】

先日とあるクライアントと打ち合わせしたのですが、これみんなやってみると案件につながるかも！と思ったのでシェア",https://stand.fm/episodes/68815fca4dd35260085132a3,https://stand.fm/episodes/68815fca4dd35260085132a3,stand.fm,,,,,,,,
2025/07/28 6:41,"【0.5歩先の先輩】

今日はみなさんの日報返信してくれてるメンバーが、どうしてその役割に立っているのか？

どんな人なのか？

というのを改めてお話ししました。

どんな基準だとおもいますか？

ぜひお聞きください↓",https://stand.fm/episodes/68869c00e6dcad4466e96558,https://stand.fm/episodes/68869c00e6dcad4466e96558,stand.fm,,,,,,,,
2025/07/29 5:53,"【時間の作り方】

夏休み期間，そして猛暑ということもあり

「時間がない」

そんなふうに感じてる人もおおいんじゃないかな？

今日はその打破方法を話しました。",https://stand.fm/episodes/6887e1aaa8d6495055be219c,https://stand.fm/episodes/6887e1aaa8d6495055be219c,stand.fm,,,,,,,,
2025/08/01 6:57,"【8月のご褒美】

8月ですね。

ちょいと試したいことがあるので，これ聞いて日報でアウトプットしてみてください！",https://stand.fm/episodes/688be5982527a6a0029e2a5e,,,,,,,,,,
2025/08/09 5:28,"【新しい夢】

最近更新できてなかった...！

何していたかというと...↓",https://stand.fm/episodes/68965d8359937bf62add540f,,,,,,,,,,
2025/08/11 8:48,"【なんのためにがんばるの？】

自分の目標やゴールすらも自分で決められない人が多い...

と、聞きました。

この講座にいる人にはそうなってほしくない。

というわけで必ず聞いてください↓",https://stand.fm/episodes/68992f47d659126899c0c0f3,,,,,,,,,,
2025/08/13 8:04,"【ピンチを「奪う」】

↑なんか違和感ありません？，この言葉。

この音声の感想、是非教えてください。ポストで",https://stand.fm/episodes/689bc6df43669d0424c8f25e,,,,,,,,,,
2025/08/18 10:58,"【好奇心を育てていなかった、反省】

最近になって判明した、
図解デザイナー講座の欠点の話。",https://stand.fm/episodes/68a288495c28158df3762609,,,,,,,,,,
2025/08/22 8:12,"【みんなにアドバイスする時には大体〇〇】

グルコンとかのとき
どんな思考で答えを出してるかっていう

すんごい呟き配信です。

私の思考がわかりまふ。笑",https://stand.fm/episodes/68a7a63ba3ba1e2702461b72,,,,,,,,,,
2025/08/24 8:08,"【図解デザイナーの本当の価値】

今ここで学んでることも
私らがやっているこも

誰にでもできるけど
誰にでもできない、すごいことなんです。

っていうはなし。",https://stand.fm/episodes/68aa48c45d3680dfa6b9a602,,,,,,,,,,
2025/08/25 18:56,"【この言葉を禁止します。】

初案件がとれてきた！
問い合わせきた！
クラウドワークスにちゃれんじ！

という人はぜーーーーったい
聴いて！！！！

紹介したnote
https://x.com/isawajuri/status/1959802937871323592?s=46&t=DIlpsZfZQJqamGKAPFDzSw",https://stand.fm/episodes/68ac316255e69f8943f6ee9b,,,,,,,,,,
2025/08/27 8:14,"ぽんぬのお知らせ3連発！！
です。

今後についてもおはなししているよん！",https://stand.fm/episodes/68ae3f5413caebfa4241ef75,,,,,,,,,,
2025/08/29 10:46,"【目的と手段がすり替わってない？】

V-log風になりました。
笑

内容はきつめです。笑

・入ったばかりの人
・スライド課題終わった人

は必ず聞いてください！",https://www.loom.com/share/d0cfc077592648f68b2eb0248c24f6f3,,,Loom,,,,,,,
2025/08/31 8:20,"【8月ラスト！と お知らせ】

8月が終わるよ！

と、

今日の成果報告会はみんなおいでー大事なお知らせだよーという話です。",https://stand.fm/episodes/68b385ac5ad5ecfcb29c2806,,,,,,,,,,
2025/09/05 19:12,"【X運用、、やるべき？、やらなくていい？】

ランク制度改変もあったので、より迷ってる人もいそうだなーー

とおもい、解説してみました！

後半は、わたしの過去話ですw",https://stand.fm/episodes/68bab66f2d1e5d80b28963ca,,,,,,,,,,
2025/09/10 11:03,"【他責と自責はどう違う？】

他責とか
自責とか
なんとなーく聞いたことある言葉だけどあんまりピンとこないワードですよね。


意味は理解できるけど
=どういうこと？どういう状態なの？
みたいな。


今日はぽんぬなりの他責と自責の違いをはなしました",https://stand.fm/episodes/68c0cbf0350d800946766d2b,,,,,,,,,,
2025/09/11 15:17,"過去のぽんぬのつぶやきですが、めちゃくちゃいい内容なのでこちらぜひご覧ください！

----
【エネルギーとGIVE&TAKEが起きた話】
めちゃくちゃ伝えたくなったので動画を撮りました",https://youtu.be/yaNc-_pNbo8?si=Ryjyz3X0qQ7SZlb4,,,,,,,,,,
2025/09/12 9:06,"【誰でもできるセンスの作り方】

今日の配信はとくに",https://stand.fm/episodes/68c3636f5a1363f4befb5b27,,,,,,,,,,
2025/09/12 14:22,"ちょうど参考探しが必要になったので、
リサーチしているリアルな作業画面を収録しました！",https://www.loom.com/share/f8095e41a0a84592982e5d80d1626162?sid=e89bbb90-a611-4356-9be9-46d80a0cbf89,,,,,,,,,,
2025/09/15 8:56,"【仕事がめっちゃくる人の裏スキル】

最近気づいた仕事ができる人は大体持ってるなーー，というスキルについてお話ししました。

あとそのスキルを鍛える方法もお話ししています。

みんなやってねー！",https://stand.fm/episodes/68c7544285d3b1ae984f5551,,,,,,,,,,:warning:
2025/09/22 8:04,"オフラインの効果【成果が出る人の特徴①】

最近目立つなーという人がちらほら。

そういうメンバーは一体どんな人？っていうのを話しました",https://stand.fm/episodes/68d083ed35f798d231942a63,,,,,,,,,,
2025/09/23 6:45,"不安を超える【成果が出る人の特徴②】

昨日の続きです。
今日も何人か講座生が登場します。",https://stand.fm/episodes/68d1c3286dc9a89d65f1d9ec,,,,,,,,,,
2025/09/30 15:12,"【誰でもできることを、ちゃんとやる】

9月最終日ですね！
今日はぽんぬのつぶやき、テキストバージョンです。


明日から
添削の流れがかわります。
みなさん必ずこちらをご確認下さい。


⭐️添削提出のながれ⭐️
今添削途中のかたは、10／1からの提出分よりフォームにてお願いいたします！(再提出含む)



ここから、ちょっと長いけどみんなに読んで欲しいことです。

==============
なぜ提出方法を変えたのか？
==============

私はデザインセンスはありません。

でも数をこなす執念と
人のために頑張れる根性はあります。

依頼してくれた人のために
とにかくたくさんのリサーチをしました。「いいですね！」の一言をいただくために。

たくさんのデザインを見ました。

センスはなくとも、
感謝されて、信頼されて、その対価のお金もいただけるようになりました。


その根幹はズバリ
「参考リサーチ」にあります。


回数をこなせばこなすほど、
頭の中のアイディアも増えて
発想力もついていきました。


センスというのは、
今までの数の積み重ねから生まれる結晶みたいなもんだと思います。


才能でもなんでもない。
中には、天才もいるだろうけど....

天才はここには来ません。


今回、添削の流れを変えたのは

みなさんにリサーチの大切さを身をもって理解していただくためです。

==============
効率化するのは、後の話
==============

課題をこなすうちに、
みんなこの言葉を口にします。

「もっと早く作れるようになりたい」


その気持ちは超わかります。
わたしもそう思うし、素晴らしいとおもう。

でもこの時、
間違っても「リサーチ」と「トンマナ設計」をサボって効率化しようとしないで欲しいのです。


リサーチ、設計は
全スキルの土台です。

家でいう、基礎みたいなもの。

基礎がガッタガタのところに
何を積み上げようと.....

一瞬で崩れます。

残るものはガラクタ。


土台がないのに、積み上げても意味はないんです。


リサーチを徹底する。
トンマナ設計をちゃんときめる。(ルールみたいなものですから)

この土台ができて、初めてちゃんとデザインをつくり始められるんです。


私や、講師陣、添削講師は一目見れば手抜きなことくらいわかります。


そして、手抜きを放置しても誰も幸せにならないから
ちゃんと言います。

「もう一回しらべてね」

と。


どうせ戻ってくるんだから、手を抜かないこと。

最初から、効率化しないこと。

リサーチに1時間、2時間かかっていいです。
長い時はわたしも4時間かかることもあります。

最初はそれでいいから、ちゃんと調べて、たくさん見てください。

それは半年後に
爆速で図解が作れるようになるための力になっていきますから。安心してください。

効率化は、積み上げた人だけができる特権なんです。


==============
図解デザインは
お菓子に例えるとわかりやすい
==============

みなさん、
洋菓子って作ったことありますか？

ぽんぬは元パティシエなので、職人をやってました。

フランス菓子を1日12時間とかつくってました。

洋菓子って

・グラム単位の材料
・混ぜる順番
・焼き上げ温度

とか、ミスると全部失敗するんですよ。(10万円分の原価ロスだしたことがあります。包丁飛んできました)


デザインも同じだなーと思ってます。

材料は
・文字組みの参考
・配色の参考
・あしらい、装飾の参考

レシピは
・トンマナの設計シート

これがあれば、作れる。
これが欠けていたり、ミスってると、完成物もイマイチ...。


今回の添削の流れは
上記の材料とレシピを徹底的にマスターできるようにしています。


慣れれば、はやくなります。
記憶も、自分のデータベースもふえますから。


ここまでできれば、
センスがない、なんてふざけた言葉を投げかけるひとはきっといないんじゃないかな？とおもいます",,,,,,,,,,,
2025/10/03 8:37,"【canvaテンプレを、どう使う？】

8月期のお部屋でご質問をいただきました！
「自主制作でcanvaのテンプレを使うときは、テンプレ使用って書くべき？」",https://stand.fm/episodes/68df0bb41c30a3688fc11e57,,,,,,,,,,
2025/10/05 6:50,"【平等と公平】

今日のは動画です！
平等と公平の違いを解説しました。

『他の人と比べて凹みがち』な人用の動画です！",https://www.loom.com/share/aa0060070fce4aa6b2ac44eae08516fd?sid=9cb443a3-98b4-46ca-80fc-8b7cdc26e26f,,,Loom,,,,,,,
2025/10/09 7:56,"【1万時間つかおう】

今日も動画です！
時間を作る、時間を使う。
それから数を積み上げる

その基準値は大体このくらいだよ！っていう話です。
途方もないかもしれませんが、コツコツコツコツやっていくとわりと実現するのが1万っていう数字なんですよ〜！",https://www.loom.com/share/7b4817e8c39d4f6fb475a7189ce5551c?sid=25d85eb9-8610-4c0c-808e-a8a9780d3b7c,,,Loom,,,,,,,
2025/10/12 6:08,"【ポートフォリオの【掲載可否】どうする問題】

ポートフォリオ添削をしていてとある話をしなければいけないことに気が付きました。

それが『ポートフォリオ載せられない時はオプション料金』

これ、結構自分の首を絞めるので注意してください、という話！",https://www.loom.com/share/e3199ba940af4a13a9b96bc195ae4a5e?sid=7f059bcc-f5c5-4ad7-a0dc-e66f1313bfa2,,,,,,,,,,
2025/10/20 7:36,"【ゴリラの修練場、はじまります】

↑なんやそれ
って思いますよね、、？

ズバリ、模擬案件練習場です！

詳細はこちら",https://stand.fm/episodes/68f4e0b574d6f348e88db447,,,,,,,,,,
2025/10/21 9:21,"Gランク以上の人は
今日のおまめ勉強会を聞くか聞かないかで相当今後の収益額が左右されます。",,クラウドワークスでの応募,,,,,,,,,
2025/10/30 11:27,"添削提出ですが、30日連続投稿以外の場合、多くても1日1作品まででに配慮してくださると助かります！

添削はできるんですが、
見てわかる通り「人」がやってます。

どんどこどんどこだすとそれだけ待ちは増えます。

ドラム式洗濯機とかでいうと
そりゃ突っ込めば洗えるし機能はするけど

・泥んこ
・大量のタオル
・ミチミチに詰め込んであらう

とか極端なことしたら壊れます。

この辺は「常識の範囲内」ってことだとおもうんですよ。


みなさんなら、わかるはずです。信じてます。
よろしくお願いいたします。",,,,,,,,,,,
2025/10/30 17:33,『あなた』が在宅で収益化するためのロードマップの組み立て方,https://youtu.be/2stSWjm46XA?si=X0LBiAjwX8qykE6O,,,,,,,,,,
2025/11/04 8:30,"【11月はじまったね！|日報サポーターズ紹介①】


11月スタートしましたね！
日報のお部屋も増えてきたので、改めて

・日報の先生ってどんな人がやってるの？
・ぽんぬの独断と偏見で送るサポーター紹介

をしていきまーす！

第一弾は",https://stand.fm/episodes/69093a49276fd575008a6b89,,,,,,,,,,
2025/11/07 8:44,"【日報サポーターズ紹介②】


今日は第二弾、さん！

・日報の先生ってどんな人がやってるの？
・ぽんぬの独断と偏見で送るサポーター紹介

「信用できる！仕事頼みたい！」と思える人の特徴についてもはなしてます。",https://stand.fm/episodes/69093a49276fd575008a6b89,,https://stand.fm/episodes/690d317b140c2aebc8975bff,https://stand.fm/episodes/690d317b140c2aebc8975bff,,,,,,,
2025/11/07 17:47,クリスマスパーティーですが、来てくれた人みなさんにささやかですがプレゼントも用意しています,,,,,,,,,,,
2025/11/10 13:01,"ちょっとしたことですが、
フィンガープリンセスって言葉知ってますか？

質問する時のマナーにも紐づくので、初めて聞いた！きになる！という方はぜひこちらご覧ください",https://vt.tiktok.com/ZSyVrvcjv/,,,,,,,,,,
2025/11/12 8:35,"【日報サポーターズ紹介③/添削待ちの間にやってほしいこと】


今日は第③弾、さん！

・日報の先生ってどんな人がやってるの？
・ぽんぬの独断と偏見で送るサポーター紹介

これを聞くと「時間がない」と言い訳できなくなります。",https://stand.fm/episodes/6913c61ea72deec9e06dc8f5,,,,,,,,,,
2025/11/21 18:04,"「クリスマスパーティーやるよ」

お申し込みが今日までです。

このパーティーをやる理由、
裏側の私の思いをお話ししました。

みんな聞いてください

「東京遠いなあ」
「時間を作るの難しいなあ」
「また今度だな」

と、思う人もたくさんいると思います。


でも、、、


リアルな場でしかわからない空気とか、

いままでそんな場所に行くことなんてなかった！と言う人の新たな体験は

自分の成長を実感できる貴重な場です。


私もオンラインだけでは
今みたいに自信持って仕事を続けることはできなかったです。間違いなく。


ぜひ、忙しい日常をなんとかどーにかこーにかしてクリスマスパーティーに来てください",https://stand.fm/episodes/692004af6f36349e6ce94f88,,,,,,,,,,